"ts","uid","id_orig_h","id_orig_p","id_resp_h","id_resp_p","proto","service","duration","orig_bytes","resp_bytes","conn_state","local_orig","local_resp","missed_bytes","history","orig_pkts","orig_ip_bytes","resp_pkts","resp_ip_bytes","tunnel_parents","ip_proto"
"1722307128.960835","CNMamw3zhYThNzVWH6","172.16.1.66","137","172.16.1.255","137","udp","dns","5.401791","1292","0","S0","T","T","0","D","19","1824","0","0","-"
"1722307128.964025","CE8PXC1uo7pThNJvb7","172.16.1.66","0","224.0.0.22","0","unknown_transport","-","24.882990","0","0","OTH","T","T","0","-","9","368","0","0","-"
"1722307128.981301","CoCcceJmqlTGO8Wj4","172.16.1.66","57773","172.16.1.4","53","udp","dns","0.002774","152","244","SF","T","T","0","Dd","2","208","2","300","-"
"1722307128.986163","C2LVXZ1wP4ckeKrVm8","172.16.1.66","57775","172.16.1.4","389","udp","ldap_udp","0.115331","1215","1065","SF","T","T","0","Dd","5","1355","5","1205","-"
"1722307128.988144","CziM0i3ifXHXAvLy0g","172.16.1.66","5353","224.0.0.251","5353","udp","dns","0.000167","88","0","S0","T","T","0","D","2","144","0","0","-"
"1722307128.988560","C5H0262Mseqn3Gdz3l","172.16.1.66","51992","224.0.0.252","5355","udp","dns","-","-","-","S0","T","T","0","D","1","61","0","0","-"
"1722307129.099969","Co5Afq18uRnecQRUuc","172.16.1.66","54443","172.16.1.4","53","udp","dns","0.000551","94","170","SF","T","T","0","Dd","1","122","1","198","-"
"1722307129.101609","C3yFqj1somBVDDfWP1","172.16.1.66","49673","172.16.1.4","389","tcp","ldap_tcp","0.036613","2626","3145","RSTR","T","T","0","ShADdar","7","2918","7","3437","-"
"1722307129.101951","CTyAp5FqU8EBegtye","172.16.1.66","49674","172.16.1.4","389","tcp","ldap_tcp","0.036439","2626","3145","RSTR","T","T","0","ShADdar","7","2918","7","3437","-"
"1722307129.108897","CdmtjJ2z5M8BPlm7bk","172.16.1.66","49676","172.16.1.4","88","tcp","krb_tcp","0.001639","265","269","RSTR","T","T","0","ShADdFar","4","437","4","441","-"
"1722307129.108911","CcL9Di11PtzcQUzqb4","172.16.1.66","49675","172.16.1.4","88","tcp","krb_tcp","0.001640","265","269","RSTR","T","T","0","ShADdFar","4","437","4","441","-"
"1722307129.120416","CAagIl8jFphMLPe","172.16.1.66","49677","172.16.1.4","88","tcp","krb_tcp","0.001357","344","1915","RSTR","T","T","0","ShADdFar","5","556","5","2127","-"
"1722307129.128769","CoaRQW2Lbdn9nuiDic","172.16.1.66","49678","172.16.1.4","389","tcp","ldap_tcp","0.009543","2276","210","RSTR","T","T","0","ShADadr","5","2488","4","382","-"
"1722307129.129089","C4ANIV3xgRcP1KPsP9","172.16.1.66","49679","172.16.1.4","88","tcp","krb_tcp","0.001737","344","1915","RSTR","T","T","0","ShADdFar","5","556","5","2127","-"
"1722307129.132235","CCKjPG15z234hQYcWe","172.16.1.66","49680","172.16.1.4","88","tcp","krb_tcp","0.002172","1966","1949","RSTR","T","T","0","ShADadFr","6","2218","6","2201","-"
"1722307129.132389","CDgLus3onGnMXV7gi6","172.16.1.66","49681","172.16.1.4","88","tcp","krb_tcp","0.001838","1966","1949","RSTR","T","T","0","ShADadFr","6","2218","6","2201","-"
"1722307129.133408","CFyreU17ZzTzkD69N1","172.16.1.66","49682","172.16.1.4","88","tcp","krb_tcp","0.001670","1966","1949","RSTR","T","T","0","ShADadFr","6","2218","6","2201","-"
"1722307129.225266","CObdhS9VSsaPeQuzc","172.16.1.66","49683","172.16.1.4","135","tcp","dce_rpc","11.060182","328","376","SF","T","T","0","ShADdFaf","7","620","5","588","-"
"1722307129.227924","CZA8g74kqHeMuoCkI","172.16.1.66","49684","172.16.1.4","49667","tcp","gssapi,dce_rpc","71.065977","6868","3014","SF","T","T","0","ShADadtFf","20","7692","18","3886","-"
"1722307129.228554","CKjaXy1pXh0jy5ES98","172.16.1.66","49685","172.16.1.4","88","tcp","krb_tcp","0.001450","265","269","RSTR","T","T","0","ShADdFar","4","437","4","441","-"
"1722307129.239603","Ch6FNk4FQKbjeaaoKa","172.16.1.66","49686","172.16.1.4","88","tcp","krb_tcp","0.001634","344","1915","RSTR","T","T","0","ShADdFar","5","556","5","2127","-"
"1722307129.243216","C3yecl1ilX7XfKpJq1","172.16.1.66","49687","172.16.1.4","88","tcp","krb_tcp","0.001575","1966","1949","RSTR","T","T","0","ShADadFr","6","2218","6","2201","-"
"1722307129.254606","CzmjZw2p9U3CTcNvp8","172.16.1.66","49844","172.16.1.4","53","udp","dns","7.552182","464","761","SF","T","T","0","Dd","9","716","6","929","-"
"1722307129.259196","CeqrAT2mTwHHS0bBxe","172.16.1.66","49688","172.16.1.4","389","tcp","ldap_tcp","0.339798","3408","4967","RSTR","T","T","0","ShADdarF","12","3900","10","5379","-"
"1722307129.273878","CZN9Lm1LoVczbiYeI3","172.16.1.66","49689","172.16.1.4","88","tcp","krb_tcp","0.001934","1910","1853","RSTR","T","T","0","ShADadFr","6","2162","6","2105","-"
"1722307129.280897","CW5mlG4Y8iHmBTxxs8","172.16.1.66","49846","172.16.1.4","389","udp","ldap_udp","0.000256","242","213","SF","T","T","0","Dd","1","270","1","241","-"
"1722307129.370273","CCk26bR5oOQpJF175","172.16.1.66","49690","20.189.173.16","443","tcp","ssl","2.676684","11840","7016","SF","T","F","0","ShADadFf","19","12612","22","7900","-"
"1722307129.394561","C86LWF1oxJ81Vjtqc","172.16.1.66","49691","172.16.1.4","389","tcp","ldap_tcp","0.198053","2626","536","RSTR","T","T","0","ShADadr","8","2958","6","788","-"
"1722307129.420926","CGUgJl1z2rIzHzKpfa","172.16.1.66","49692","172.16.1.4","445","tcp","gssapi,smb,ntlm","10.866174","1798","1646","RSTO","T","T","0","ShADdR","12","2290","9","2018","-"
"1722307129.423125","CX4cxP38oM4qREa0va","172.16.1.66","49693","172.16.1.4","88","tcp","krb_tcp","0.002244","1924","122","RSTR","T","T","0","ShADadFr","5","2136","5","334","-"
"1722307129.439539","CrLSyk3BougR3A8hjd","172.16.1.66","49847","172.16.1.4","389","udp","ldap_udp","0.000254","242","213","SF","T","T","0","Dd","1","270","1","241","-"
"1722307129.530082","ClSdS2zyboB1egP13","172.16.1.66","50203","172.16.1.4","53","udp","dns","0.055813","41","185","SF","T","T","0","Dd","1","69","1","213","-"
"1722307129.530130","CvS10QQMpLD5od0W6","172.16.1.66","57308","172.16.1.4","53","udp","dns","0.000296","47","134","SF","T","T","0","Dd","1","75","1","162","-"
"1722307129.553375","CsCzUk7aUmd7V2Gs8","172.16.1.66","49694","172.16.1.4","445","tcp","gssapi,smb,krb,dce_rpc","582.115695","27270","21672","S1","T","T","0","ShADdatTT","129","32519","119","26780","-"
"1722307129.555880","CwzMmk4KmWnZ3D6Xbc","172.16.1.66","49695","172.16.1.4","88","tcp","krb_tcp","0.001904","1966","1949","RSTR","T","T","0","ShADadFr","6","2218","6","2201","-"
"1722307129.557883","Ctkixy3l3xWkA0gDDj","172.16.1.66","49696","172.16.1.4","88","tcp","krb_tcp","0.001301","1733","1764","RSTR","T","T","0","ShADadFr","6","1985","6","2016","-"
"1722307129.588050","CXZktC1AtNeytlc0X1","172.16.1.66","49697","23.215.55.140","80","tcp","http","0.109889","111","187","SF","T","F","0","ShADafF","5","323","4","351","-"
"1722307129.946513","CRskjs1GCEpInRABM4","172.16.1.66","49698","172.16.1.4","389","tcp","ldap_tcp","0.072097","4169","4076","RSTR","T","T","0","ShADdarF","17","4861","16","4728","-"
"1722307129.987384","CLmy8wIRPCJtIKEOh","172.16.1.66","57977","172.16.1.4","53","udp","dns","0.000307","47","134","SF","T","T","0","Dd","1","75","1","162","-"
"1722307129.993088","C7wZi82cOSWJ8Gfpd7","172.16.1.66","49699","172.16.1.4","389","tcp","ldap_tcp","0.005377","2421","442","RSTR","T","T","0","ShADadFr","7","2713","6","694","-"
"1722307129.999478","CubozK3h9cTLYmMqi7","172.16.1.66","49700","172.16.1.4","389","tcp","ldap_tcp","0.002914","2585","296","RSTR","T","T","0","ShADadFr","7","2877","6","548","-"
"1722307130.008714","C8Q0MUfzpdrnT0Wrg","172.16.1.66","49701","172.16.1.4","389","tcp","ldap_tcp","0.009184","3451","496","RSTR","T","T","0","ShADadrF","8","3783","7","788","-"
"1722307130.012302","ChldjzJEZbglnrBE5","172.16.1.66","49702","172.16.1.4","88","tcp","krb_tcp","0.001084","266","269","RSTR","T","T","0","ShADdFar","4","438","4","441","-"
"1722307130.013395","CINkZi31FuaDLSVcCb","172.16.1.66","49703","172.16.1.4","88","tcp","krb_tcp","0.001184","345","1915","RSTR","T","T","0","ShADdFar","5","557","5","2127","-"
"1722307130.014642","CwmhR22Jwc4GmtlJS8","172.16.1.66","49704","172.16.1.4","88","tcp","krb_tcp","0.001512","1876","1825","RSTR","T","T","0","ShADadFr","6","2128","6","2077","-"
"1722307130.419216","CeYDRr3hX1hbDVyR2k","172.16.1.66","49744","172.16.1.4","445","tcp","-","0.000474","0","1","OTH","T","T","0","^dR","1","40","1","41","-"
"1722307133.082666","CXVUtw00JnBi9R2Nh","172.16.1.66","60777","172.16.1.4","53","udp","dns","0.893982","290","445","SF","T","T","0","DdX","3","374","3","529","-"
"1722307133.084227","Cm68jt4F58CHDDdTr7","172.16.1.66","60778","172.16.1.4","389","udp","ldap_udp","0.000501","243","213","SF","T","T","0","Dd","1","271","1","241","-"
"1722307133.192409","Cac9iQ2Mjd0jKQHZG4","172.16.1.66","60779","172.16.1.4","389","udp","ldap_udp","0.000578","243","213","SF","T","T","0","Dd","1","271","1","241","-"
"1722307133.305387","C0UPleztDdKTbViY6","172.16.1.66","49705","172.16.1.4","135","tcp","dce_rpc","38.131970","328","376","SF","T","T","0","ShADdFaf","7","620","5","588","-"
"1722307133.308978","CLs6qc4hFYOyT74mZ6","172.16.1.66","49706","172.16.1.4","49667","tcp","gssapi,dce_rpc","38.127173","3794","981","SF","T","T","0","ShADadFf","12","4286","10","1393","-"
"1722307133.309747","CUmH8cAbyHeVIaECh","172.16.1.66","49707","172.16.1.4","88","tcp","krb_tcp","0.001891","1940","1913","RSTR","T","T","0","ShADadFr","6","2192","6","2165","-"
"1722307135.129046","CobICl2xHZFtehqmzl","172.16.1.66","138","172.16.1.255","138","udp","-","0.007442","387","0","S0","T","T","0","D","2","443","0","0","-"
"1722307136.810970","CTkAHP2JTOVCE2bzoe","172.16.1.66","49708","23.52.9.222","443","tcp","ssl","0.439273","2209","7396","SF","T","F","0","ShADadFf","11","2661","14","7960","-"
"1722307137.237703","CTBeQG27s5jmNo9mdj","172.16.1.66","49709","23.52.9.222","443","tcp","ssl","0.308110","2512","1326","SF","T","F","0","ShADadFf","10","2924","12","1810","-"
"1722307137.535837","CRDnlI1SzruLA2RZ05","172.16.1.66","49710","23.52.9.222","443","tcp","ssl","0.324144","3902","1326","SF","T","F","0","ShADadfF","10","4314","10","1730","-"
"1722307137.862577","Cd3il22Y11mMXDrBC6","172.16.1.66","49711","23.52.9.222","443","tcp","ssl","0.307905","2628","1326","SF","T","F","0","ShADadFf","11","3080","13","1850","-"
"1722307138.172563","C4but31zasIOlNQKxd","172.16.1.66","49712","23.52.9.222","443","tcp","ssl","0.308709","2628","1326","SF","T","F","0","ShADadfF","10","3040","11","1770","-"
"1722307138.484104","C4jvqk4IYq8DE5C9Xe","172.16.1.66","49713","23.52.9.222","443","tcp","ssl","0.299420","3902","1326","SF","T","F","0","ShADadfF","10","4314","10","1730","-"
"1722307138.787182","CkXerg2yVryEQZHZXb","172.16.1.66","49714","23.52.9.222","443","tcp","ssl","0.292502","2928","1326","SF","T","F","0","ShADadFf","10","3340","11","1770","-"
"1722307139.078344","CwQZWS3XQaUmODwQ34","172.16.1.66","49715","23.52.9.222","443","tcp","ssl","0.322500","2512","1326","SF","T","F","0","ShADadfF","9","2884","10","1730","-"
"1722307139.404338","CPxcEkzai2Y2SKHXe","172.16.1.66","49716","23.52.9.222","443","tcp","ssl","0.286423","3240","1326","SF","T","F","0","ShADadfF","10","3652","10","1730","-"
"1722307139.693882","CntHPzFxTrxlq0CPg","172.16.1.66","49717","23.52.9.222","443","tcp","ssl","0.301861","3148","1326","SF","T","F","0","ShADadfF","10","3560","10","1730","-"
"1722307147.508287","CANuBQw2e715xuka8","172.16.1.66","57308","172.16.1.4","53","udp","dns","0.000400","47","134","SF","T","T","0","Dd","1","75","1","162","-"
"1722307147.508334","C5xTSHLfIhV7gbRNb","172.16.1.66","60777","172.16.1.4","53","udp","dns","16.504585","313","845","SF","T","T","0","Dd","8","537","5","985","-"
"1722307152.511547","CoNAUN14BZj7OXoDk","172.16.1.66","49718","172.16.1.4","88","tcp","krb_tcp","0.001531","238","210","RSTR","T","T","0","ShADdFar","4","410","4","382","-"
"1722307152.518371","CzLsUj36gtuvs5vTY3","172.16.1.66","49719","172.16.1.4","88","tcp","krb_tcp","0.002228","318","1831","RSTR","T","T","0","ShADdFar","5","530","5","2043","-"
"1722307152.520845","CkWyQM366l9ReBkGwf","172.16.1.66","49720","172.16.1.4","88","tcp","krb_tcp","0.002198","1737","1759","RSTR","T","T","0","ShADadFr","6","1989","6","2011","-"
"1722307152.539701","CS9ZfI3fSEZN1Ibav5","172.16.1.66","50706","172.16.1.4","389","udp","ldap_udp","0.000390","243","213","SF","T","T","0","Dd","1","271","1","241","-"
"1722307152.742092","C0WP0q3U2a2iP028Ae","172.16.1.66","49721","172.16.1.4","135","tcp","dce_rpc","17.554017","496","740","SF","T","T","0","ShADdFaf","8","828","6","992","-"
"1722307152.756811","C0nkBe4q48ToZvxP2e","172.16.1.66","49722","172.16.1.4","88","tcp","krb_tcp","0.001692","1918","1901","RSTR","T","T","0","ShADadFr","6","2170","6","2153","-"
"1722307152.765381","CRLez84Csdxrw2Iil9","172.16.1.66","49723","172.16.1.4","49695","tcp","dce_rpc","17.530651","2415","1616","SF","T","T","0","ShADdFaf","12","2907","10","2028","-"
"1722307152.773986","CVSZRK2mxgm9L5Tg3f","172.16.1.66","49724","172.16.1.4","389","tcp","ldap_tcp","0.033748","3055","818","RSTR","T","T","0","ShADadr","7","3347","6","1070","-"
"1722307152.780641","CJMqDO2lU8kXBXtLg3","172.16.1.66","49725","172.16.1.4","88","tcp","krb_tcp","0.001823","1892","1865","RSTR","T","T","0","ShADadFr","6","2144","6","2117","-"
"1722307152.781510","CEa1ap4b8WroLIYwvg","172.16.1.66","49726","172.16.1.4","389","tcp","ldap_tcp","0.022832","2602","536","RSTR","T","T","0","ShADadr","7","2894","6","788","-"
"1722307152.782580","C9axWW1OpzhVPtHjG2","172.16.1.66","49727","172.16.1.4","88","tcp","krb_tcp","0.001056","1685","1716","RSTR","T","T","0","ShADadFr","6","1937","6","1968","-"
"1722307153.027794","CQHVjW2TFpARzQXO3","172.16.1.66","49728","172.16.1.4","445","tcp","gssapi,smb,krb","558.641214","9836","6364","S1","T","T","0","ShADdaTtT","69","12660","59","8931","-"
"1722307153.029819","Cn1htx2eweiOnFrQjc","172.16.1.66","49729","172.16.1.4","88","tcp","krb_tcp","0.001810","1867","1815","RSTR","T","T","0","ShADadFr","6","2119","6","2067","-"
"1722307153.916627","CkQMmj1uWL7YX1Q90a","172.16.1.66","49730","23.198.7.175","443","tcp","ssl","109.950106","932","5588","RSTO","T","F","0","ShADadFR","16","1584","17","6272","-"
"1722307154.626989","CP8KQg2meFK6heSzyc","172.16.1.66","49731","13.69.239.79","443","tcp","ssl","1.093035","2014","4678","SF","T","F","0","ShADadFf","13","2546","15","5282","-"
"1722307154.849466","CREARhd6LpjzjlFag","172.16.1.66","49732","23.52.9.222","443","tcp","ssl","0.400312","2760","1326","SF","T","F","0","ShADadfF","10","3172","10","1730","-"
"1722307155.052583","CdGhlp2Wf0rYcA1sjd","172.16.1.66","49733","20.96.153.111","443","tcp","ssl","108.835303","1916","6560","SF","T","F","0","ShADadFf","12","2408","14","7124","-"
"1722307156.640743","Cypo8V17drwgiBYBxg","172.16.1.66","64662","172.16.1.4","53","udp","dns","7.480533","128","250","SF","T","T","0","Dd","4","240","1","278","-"
"1722307157.494197","CdQTWS2aIIF5sm4UU5","172.16.1.66","49734","23.198.7.175","443","tcp","ssl","174.662957","15689","96438","S3","T","F","0","ShADadf","53","17821","103","100562","-"
"1722307157.557179","CtK9sZnrjVGOrHlj1","172.16.1.66","51396","172.16.1.4","53","udp","dns","10.069364","109","425","SF","T","T","0","Dd","3","193","3","509","-"
"1722307157.666117","CqZwYc24HLfiYZvNl3","172.16.1.66","62463","172.16.1.4","53","udp","dns","6.086521","104","443","SF","T","T","0","Dd","3","188","3","527","-"
"1722307157.672173","CRxwvq3m9usenpfz26","172.16.1.66","49735","52.109.6.53","443","tcp","ssl","133.286333","797","7605","SF","T","F","0","ShADadfF","17","1489","20","8409","-"
"1722307157.679217","COQE4f2N4T3kQ1qYR5","172.16.1.66","49736","204.79.197.203","443","tcp","ssl","109.884017","1194","16269","SF","T","F","0","ShADadFf","15","1806","23","17193","-"
"1722307158.609508","CH5CV5M7zBvnfQo44","172.16.1.66","49737","52.109.0.142","443","tcp","ssl","128.215855","693","6913","RSTR","T","F","0","ShADadr","12","1185","15","7517","-"
"1722307163.273336","CS2TMK2vzVEHcMRdXj","172.16.1.66","49738","52.109.0.142","443","tcp","ssl","110.013474","2069","10359","SF","T","F","0","ShADadFf","16","2721","18","11083","-"
"1722307163.375197","CLHPdA2MtdSgkWpE9f","172.16.1.66","49739","20.241.44.114","443","tcp","ssl","34.816455","730","6629","RSTR","T","F","0","ShADadr","9","1102","12","7113","-"
"1722307163.754160","CSeLnUY25LKzrUhWh","172.16.1.66","49740","23.52.9.140","443","tcp","ssl","109.553939","737","9976","SF","T","F","0","ShADadFfR","13","1269","15","10580","-"
"1722307164.014160","C8leHx4PsVNB7zwhFj","172.16.1.66","50203","172.16.1.4","53","udp","dns","0.075968","40","99","SF","T","T","0","Dd","1","68","1","127","-"
"1722307164.093880","CMsAxOt2cjq8y9yn9","172.16.1.66","49741","20.7.2.167","443","tcp","ssl","475.793038","2745","5402","S1","T","F","0","ShADadT","17","3439","19","6166","-"
"1722307164.129285","CK6emX1PzXvIAgMdNb","172.16.1.66","49742","23.48.203.208","443","tcp","ssl","68.462429","1785","24176","SF","T","F","0","ShADadFfR","16","2437","29","25340","-"
"1722307164.129371","CkWWHA3RMc70FmcdXl","172.16.1.66","49743","23.48.203.208","443","tcp","ssl","103.455241","1440","59555","SF","T","F","0","ShADadFfR","21","2292","53","61679","-"
"1722307167.629882","Cy7ik21ObkpZTAQoZ4","172.16.1.66","49744","13.107.5.93","443","tcp","ssl","65.571557","1265","14491","RSTR","T","F","0","ShADadr","10","1677","18","15215","-"
"1722307171.994719","C4Ttbo21wGf2kMMrA9","172.16.1.66","49745","23.48.203.208","443","tcp","ssl","60.597001","557","7118","SF","T","F","0","ShADadFfR","10","969","12","7602","-"
"1722307171.996546","C2GbiG43TyqZkhQ6Va","172.16.1.66","49746","23.48.203.208","443","tcp","ssl","60.595174","748","9388","SF","T","F","0","ShADadFfR","10","1160","14","9952","-"
"1722307173.975449","CyLpDe36sxaClSZgfd","172.16.1.66","123","172.16.1.4","123","udp","-","0.001019","120","120","SF","T","T","0","Dd","1","148","1","148","-"
"1722307184.201467","CRg7SVzQ7tifiefIa","172.16.1.66","49708","172.16.1.4","445","tcp","-","0.000508","0","1","OTH","T","T","0","^dR","1","40","1","41","-"
"1722307188.954119","C0jPfA35JzDeoejdL5","172.16.1.66","49747","172.16.1.4","88","tcp","krb_tcp","0.002643","1940","1913","RSTR","T","T","0","ShADadFr","6","2192","6","2165","-"
"1722307188.956873","C1wXvJXlqvSuNHNB9","172.16.1.66","49748","172.16.1.4","88","tcp","krb_tcp","0.001425","1733","1764","RSTR","T","T","0","ShADadFr","6","1985","6","2016","-"
"1722307192.925833","CTSPK03o9jsh049X66","172.16.1.66","51396","172.16.1.4","53","udp","dns","0.860819","75","155","SF","T","T","0","Dd","2","131","2","211","-"
"1722307192.925870","C7KfQ53xnCr8x9kdMe","172.16.1.66","62463","172.16.1.4","53","udp","dns","4.041031","132","112","SF","T","T","0","Dd","4","244","1","140","-"
"1722307193.011903","CHdh0VsPS2VTPXDQ7","172.16.1.66","49749","140.82.113.3","443","tcp","ssl","0.804061","732","7623","SF","T","F","0","ShADadFfR","12","1224","16","8267","-"
"1722307193.788197","CENYv03VDU6Ujd5Fkb","172.16.1.66","49750","185.199.110.133","443","tcp","ssl","6.030965","1222","797468","SF","T","F","0","ShADadWFfR","71","4074","582","820753","-"
"1722307196.968037","Cw9uxU38K73Ee6QzR1","172.16.1.66","49751","199.232.196.209","443","tcp","ssl","5.838436","696","1514203","RSTO","T","F","0","ShADadWR","88","4228","1084","1557572","-"
"1722307196.968253","CZD4EH1DdepuqjL1i","172.16.1.66","49752","199.232.196.209","443","tcp","ssl","5.838030","712","4334336","RSTO","T","F","0","ShADadWWR","238","10244","3079","4457535","-"
"1722307196.968421","CNFBmz3uxwf3tnfdoe","172.16.1.66","49753","199.232.196.209","443","tcp","ssl","5.837663","714","2690911","RSTO","T","F","0","ShADadWWR","129","5886","1922","2767806","-"
"1722307205.953226","CxQUMY3oA7XxZE4RG4","172.16.1.66","49754","141.98.10.79","12132","tcp","-","508.669986","16854","0","S1","T","F","0","ShADa","206","25106","205","8204","-"
"1722307206.835504","CnsiVX3PRoDCTYxHN1","172.16.1.66","51396","172.16.1.4","53","udp","dns","18.851699","322","1256","SF","T","T","0","Dd","7","518","7","1452","-"
"1722307206.922045","CRiD141rJGe0Szhkmf","172.16.1.66","49755","208.95.112.1","80","tcp","http","0.091274","188","471","SF","T","F","0","ShADafF","5","400","4","635","-"
"1722307207.516607","CgT6zH2CV6Uk2e2NC1","172.16.1.66","57308","172.16.1.4","53","udp","dns","0.000263","47","134","SF","T","T","0","Dd","1","75","1","162","-"
"1722307211.848451","C8lWc014Zh3G3w9Dag","172.16.1.66","49756","52.191.219.104","443","tcp","ssl","0.517484","1011","4253","SF","T","F","0","ShADadFf","12","1503","15","4857","-"
"1722307212.331591","CbLOMJ3BfVQGfnOQPi","172.16.1.66","49757","23.198.7.177","443","tcp","ssl","20.242058","476","4632","S3","T","F","0","ShADadf","11","928","12","5116","-"
"1722307212.331940","C2GE002iIWnplWhPyb","172.16.1.66","49758","23.198.7.177","443","tcp","ssl","20.289765","476","4664","S3","T","F","0","ShADadf","12","968","13","5188","-"
"1722307212.332283","CE3d4E4geQlIgEImH1","172.16.1.66","49759","23.198.7.177","443","tcp","ssl","20.241268","476","4663","S3","T","F","0","ShADadf","10","888","11","5107","-"
"1722307212.332416","CFRy7g4iHvglGStT3j","172.16.1.66","49760","23.198.7.177","443","tcp","ssl","20.154354","476","4630","S3","T","F","0","ShADadf","10","888","11","5074","-"
"1722307212.332622","CF3vZB1DSrHvFV2pc3","172.16.1.66","49761","23.198.7.177","443","tcp","ssl","120.440704","1618","28706","S3","T","F","0","ShADadf","22","2510","36","30150","-"
"1722307212.332747","CBqGtA3fmMsd3ERuw8","172.16.1.66","49762","23.198.7.177","443","tcp","ssl","20.176910","476","4647","S3","T","F","0","ShADadf","12","968","13","5171","-"
"1722307213.794832","CSgzV43UH0U2wDDUUj","172.16.1.66","62464","172.16.1.4","389","udp","ldap_udp","0.000302","243","213","SF","T","T","0","Dd","1","271","1","241","-"
"1722307213.914826","CDuPAY39p1DAvk9YIk","172.16.1.66","49763","172.16.1.4","135","tcp","dce_rpc","0.031709","496","644","RSTO","T","T","0","ShADdR","6","748","4","816","-"
"1722307213.921794","CzolfHOjeMXYMeyCh","172.16.1.66","49764","172.16.1.4","49667","tcp","gssapi,dce_rpc","0.024928","3894","1933","RSTO","T","T","0","ShADadR","12","4386","10","2345","-"
"1722307213.933014","C3mPohNh8qj7A2Emh","172.16.1.66","49765","172.16.1.4","389","tcp","ldap_tcp","0.009821","3241","3753","RSTR","T","T","0","ShADdaFr","11","3693","11","4205","-"
"1722307213.938802","CSRDeL3n7EDRaAMwB9","172.16.1.66","49766","172.16.1.4","389","tcp","ldap_tcp","0.003562","2701","3781","RSTR","T","T","0","ShADadrF","9","3073","9","4153","-"
"1722307214.117767","CvOrqFeWo1k65vM56","172.16.1.66","49767","172.16.1.4","135","tcp","dce_rpc","0.976588","496","644","RSTO","T","T","0","ShADdR","7","788","4","816","-"
"1722307214.120758","CGYYiE3zelpEwgPOZ","172.16.1.66","49768","172.16.1.4","49667","tcp","gssapi,dce_rpc","0.973693","3846","1933","RSTO","T","T","0","ShADadR","13","4378","10","2345","-"
"1722307214.130058","C1cEDKh7Y5cd8dJP2","172.16.1.66","49769","172.16.1.4","389","tcp","ldap_tcp","0.010056","3193","3753","RSTR","T","T","0","ShADdarF","11","3645","11","4205","-"
"1722307214.135478","CpoCPB3RkPyn9wDxja","172.16.1.66","49770","172.16.1.4","389","tcp","ldap_tcp","0.004161","2653","3781","RSTR","T","T","0","ShADadr","8","2985","8","4113","-"
"1722307214.266834","C6pGjw4JHdWJtjHFt1","172.16.1.66","49771","40.126.29.14","443","tcp","ssl","0.828095","1347","5523","RSTO","T","F","0","ShADadR","12","1839","12","6007","-"
"1722307225.688095","C5QBJzC3Bc2ltU9w4","172.16.1.66","49772","23.48.203.203","443","tcp","ssl","148.221385","1000","11910","SF","T","F","0","ShADadFfR","15","1612","17","12594","-"
"1722307233.647114","C2lzIf1cM0QibOco29","172.16.1.66","62468","239.255.255.250","1900","udp","-","6.022767","1096","0","S0","T","T","0","D","8","1320","0","0","-"
"1722307237.775635","CTUyiwwuIiDMCM6G5","172.16.1.66","49776","172.16.1.4","135","tcp","dce_rpc","13.504949","328","376","SF","T","T","0","ShADdFaf","7","620","5","588","-"
"1722307237.777408","Cbved3Szp46jAoHE5","172.16.1.66","49777","172.16.1.4","49667","tcp","dce_rpc","13.503256","958","572","SF","T","T","0","ShADdFaf","9","1330","7","864","-"
"1722307239.006784","CyGNnp4V9Oe8fhhlIk","172.16.1.66","49778","172.16.1.4","135","tcp","dce_rpc","0.813778","496","644","RSTO","T","T","0","ShADdR","7","788","4","816","-"
"1722307239.010316","CDSABPeVD7QfNp14","172.16.1.66","49779","172.16.1.4","49667","tcp","gssapi,dce_rpc","0.810436","3846","1933","RSTO","T","T","0","ShADadR","13","4378","10","2345","-"
"1722307239.019898","CrrnS9LeqPG91FeKb","172.16.1.66","49780","172.16.1.4","389","tcp","ldap_tcp","0.011113","3193","3753","RSTR","T","T","0","ShADdarF","11","3645","11","4205","-"
"1722307239.026222","CdBczdhpHkyl6Lxmc","172.16.1.66","49781","172.16.1.4","389","tcp","ldap_tcp","0.004338","2653","3781","RSTR","T","T","0","ShADadrF","9","3025","9","4153","-"
"1722307239.061501","C5KHkY1H0IpD7Di8T1","172.16.1.66","49782","40.126.29.14","443","tcp","ssl","0.759840","1347","5524","RSTO","T","F","0","ShADadR","12","1839","12","6008","-"
"1722307241.089624","CXQBLQ1LNzViKVBWxf","172.16.1.66","51396","172.16.1.4","53","udp","dns","4.852552","341","516","SF","T","T","0","Dd","6","509","3","600","-"
"1722307241.102579","CR3dil2nuU5m8dtKud","172.16.1.66","49783","172.16.1.4","389","tcp","ldap_tcp","0.008647","2680","3333","RSTR","T","T","0","ShADdaFr","9","3052","9","3705","-"
"1722307241.105111","C1DJVzWenUI3sMam9","172.16.1.66","49784","172.16.1.4","88","tcp","krb_tcp","0.002001","1892","1865","RSTR","T","T","0","ShADadFr","6","2144","6","2117","-"
"1722307241.121024","CcifbC3AxD2487lECb","172.16.1.66","49785","172.16.1.4","389","tcp","ldap_tcp","0.002952","2330","398","RSTR","T","T","0","ShADadFr","7","2622","6","650","-"
"1722307241.806813","Cl3nvP8JW3oYBpqD8","172.16.1.66","59975","172.16.1.4","53","udp","dns","1.145541","85","329","SF","T","T","0","Dd","2","141","2","385","-"
"1722307241.909758","CYiIQJ2mUdndaldTR8","172.16.1.66","49786","20.166.2.191","443","tcp","ssl","1.732053","3556","4698","SF","T","F","0","ShADadFf","13","4088","17","5382","-"
"1722307242.957450","CTd07F3qllSjbXway7","172.16.1.66","49787","13.107.42.16","443","tcp","ssl","0.589048","2870","7239","SF","T","F","0","ShADadFf","13","3402","19","8003","-"
"1722307270.485251","C3MsFl3LDXkcbw50z7","172.16.1.66","138","172.16.1.255","138","udp","-","120.110218","2046","0","S0","T","T","0","D","11","2354","0","0","-"
"1722307270.493889","CFXT8y1rbZe58Xm28c","172.16.1.66","137","172.16.1.255","137","udp","dns","-","-","-","S0","T","T","0","D","1","78","0","0","-"
"1722307270.494127","Cz98FOtdmEbuP0gSa","172.16.1.66","137","172.16.1.4","137","udp","dns","-","-","-","S0","T","T","0","D^","1","90","0","0","-"
"1722307270.494332","CNa3gF4NhBS4huwc45","172.16.1.66","49788","172.16.1.4","139","tcp","gssapi,ntlm,smb","15.240776","1017","1279","SF","T","T","0","ShDdAtFf","15","1641","13","1879","-"
"1722307300.506361","CUVJVaera5JediLDf","172.16.1.66","49789","172.16.1.4","139","tcp","gssapi,ntlm,smb","12.107356","1017","1279","SF","T","T","0","ShDdAFf","14","1589","12","1771","-"
"1722307330.536477","CBIeDE14bTxogIQDQl","172.16.1.66","49790","172.16.1.4","139","tcp","gssapi,ntlm,smb","14.266711","1017","1279","SF","T","T","0","ShDdAFf","14","1589","12","1771","-"
"1722307331.945351","CCchvXyczSSMos1ke","172.16.1.66","59975","172.16.1.4","53","udp","dns","7.541520","317","742","SF","T","T","0","Dd","6","485","4","854","-"
"1722307332.006354","C2Il2I2lCKJ56S4ofd","172.16.1.66","49791","172.16.1.4","389","tcp","ldap_tcp","0.008045","3117","3535","RSTR","T","T","0","ShADdar","9","3489","9","3907","-"
"1722307332.138492","CBLeLB4wzmdtrgDd3h","172.16.1.66","49792","52.109.0.91","443","tcp","ssl","34.128904","972","36178","RSTO","T","F","0","ShADadR","13","1504","33","37502","-"
"1722307332.626466","CbHmty2RtNyldX45Ul","172.16.1.66","59905","172.16.1.4","53","udp","dns","23.386250","229","941","SF","T","T","0","Dd","5","369","5","1081","-"
"1722307332.666639","CgzBL22rnhG1RaSuzj","172.16.1.66","49793","52.113.194.132","443","tcp","ssl","33.602355","1235","63631","RSTO","T","F","0","ShADadR","12","1727","51","65675","-"
"1722307332.703506","CCi8hl45bPYqOEuE4d","172.16.1.66","49794","52.109.20.47","443","tcp","ssl","33.564853","985","7621","RSTO","T","F","0","ShADadR","10","1397","12","8105","-"
"1722307332.703548","C74RuI10dGEm46juHe","172.16.1.66","49795","52.109.20.47","443","tcp","ssl","33.565190","985","7621","RSTO","T","F","0","ShADadR","10","1397","11","8065","-"
"1722307332.705882","CqPhQdbRbBUmkgZ9h","172.16.1.66","49796","52.109.20.47","443","tcp","ssl","33.562751","672","7620","RSTO","T","F","0","ShADadR","8","1004","11","8064","-"
"1722307332.706027","C2y0kX2ff0nn0tVfTf","172.16.1.66","49797","52.109.20.47","443","tcp","ssl","33.563221","672","7621","RSTO","T","F","0","ShADadR","8","1004","11","8065","-"
"1722307333.287737","ChxmOX1hQRVOYKuhsd","172.16.1.66","49798","40.97.199.114","443","tcp","ssl","32.981731","1239","5690","RSTO","T","F","0","ShADadR","9","1611","11","6134","-"
"1722307333.585569","CbpAUh2PCNbtCb12Oc","172.16.1.66","59906","172.16.1.4","389","udp","ldap_udp","0.000320","207","213","SF","T","T","0","Dd","1","235","1","241","-"
"1722307333.628727","CCccO41mROrP6mzgO9","172.16.1.66","49799","172.16.1.4","443","tcp","-","0.000189","0","0","REJ","T","T","0","Sr","1","52","1","40","-"
"1722307333.688602","CCNUIB1SxWDrTY5kC1","172.16.1.66","49800","172.16.1.4","3268","tcp","ldap_tcp","0.007367","2896","3504","RSTR","T","T","0","ShADdarF","9","3268","9","3876","-"
"1722307334.141480","CK5Hbb1SAbHlmRJQl3","172.16.1.66","49799","172.16.1.4","443","tcp","-","0.000188","0","0","REJ","T","T","0","Sr","1","52","1","40","-"
"1722307334.657652","CnYaKp4R0y5p7BvcB5","172.16.1.66","49799","172.16.1.4","443","tcp","-","0.000429","0","0","REJ","T","T","0","Sr","1","52","1","40","-"
"1722307335.172965","CwemiT3J16ba4jlpee","172.16.1.66","49799","172.16.1.4","443","tcp","-","0.000380","0","0","REJ","T","T","0","Sr","1","52","1","40","-"
"1722307335.704320","CesMbN2tMGU7rD9MOg","172.16.1.66","49799","172.16.1.4","443","tcp","-","0.000281","0","0","REJ","T","T","0","Sr","1","52","1","40","-"
"1722307339.487531","Ctc8hn16MuYm5AxJn8","172.16.1.66","49801","20.189.173.10","443","tcp","ssl","26.782194","25236","7018","RSTO","T","F","0","ShADadR","29","26408","30","8222","-"
"1722307345.578458","CbFNTA3GrrW9npZspg","172.16.1.66","49802","23.221.22.68","443","tcp","ssl","20.691464","1169","5336","RSTO","T","F","0","ShADadR","8","1501","10","5740","-"
"1722307356.013842","CXnHbC2IfYmCL8sXB7","172.16.1.66","49803","20.189.173.26","443","tcp","ssl","1.323728","58828","4996","SF","T","F","0","ShADadFf","57","61120","64","7560","-"
"1722307360.554306","CosNvM2dhzogXidBT1","172.16.1.66","49804","172.16.1.4","139","tcp","gssapi,ntlm,smb","11.092461","1017","1279","SF","T","T","0","ShDdAFf","14","1589","12","1771","-"
"1722307390.585153","C2mVc030j1gUHFi9m9","172.16.1.66","49805","172.16.1.4","139","tcp","gssapi,ntlm,smb","13.281104","1017","1279","SF","T","T","0","ShDdAFf","14","1589","12","1771","-"
"1722307453.815139","Cbr71c8GGMmid8pAe","172.16.1.66","49806","172.16.1.4","135","tcp","dce_rpc","12.146962","328","376","SF","T","T","0","ShADdFaf","7","620","5","588","-"
"1722307453.816835","CaGMsk34lA2aY50Pic","172.16.1.66","49807","172.16.1.4","49667","tcp","gssapi,dce_rpc","32.144549","3266","921","SF","T","T","0","ShADadFf","11","3718","9","1293","-"
"1722307455.627407","CaCzQY3BByO5qIEKSh","172.16.1.66","59905","172.16.1.4","53","udp","dns","13.813132","355","761","SF","T","T","0","Dd","6","523","5","901","-"
"1722307455.631145","CAUUhy2gk5Z7DnPli2","172.16.1.66","55637","172.16.1.4","53","udp","dns","0.065718","33","108","SF","T","T","0","Dd","1","61","1","136","-"
"1722307455.631368","C8Y9mR3KI1YL5eeBUe","172.16.1.66","50658","172.16.1.4","53","udp","dns","0.089392","33","92","SF","T","T","0","Dd","1","61","1","120","-"
"1722307455.712878","CVyuaZ2OdjvtgriNDe","172.16.1.66","49808","204.79.197.203","443","tcp","ssl","4.325938","2562","6602","RSTR","T","F","0","ShADadFr","9","2934","14","7166","-"
"1722307455.713094","CHwVYl3Ijq8ogAI6ee","172.16.1.66","49809","204.79.197.203","443","tcp","ssl","4.325559","2434","6602","RSTR","T","F","0","ShADadFr","9","2806","14","7166","-"
"1722307455.720959","CJHCgm3EAHxQc5hn41","172.16.1.66","3","172.16.1.4","3","icmp","-","2.319615","410","0","OTH","T","T","0","-","3","494","0","0","-"
"1722307456.394861","C3m0691GMqkZQQxNA2","172.16.1.66","55856","172.16.1.4","53","udp","dns","0.000592","29","104","SF","T","T","0","Dd","1","57","1","132","-"
"1722307456.394983","CmBSvx3rOYCG5d7Inh","172.16.1.66","52530","172.16.1.4","53","udp","dns","0.000396","29","145","SF","T","T","0","Dd","1","57","1","173","-"
"1722307456.396798","CLlrd01ZlNpiiawF48","172.16.1.66","49810","204.79.197.203","443","tcp","ssl","3.642023","3875","19190","SF","T","F","0","ShADadFf","17","4567","31","20434","-"
"1722307456.675654","CbxB5v33gXgicTdxXi","172.16.1.66","49811","172.16.1.4","389","tcp","ldap_tcp","0.005326","2680","3333","RSTR","T","T","0","ShADdar","8","3012","8","3665","-"
"1722307456.688635","CKYCBU1M8JXNa3IMPb","172.16.1.66","49812","172.16.1.4","389","tcp","ldap_tcp","0.002984","2330","398","RSTR","T","T","0","ShADadr","6","2582","5","610","-"
"1722307457.084249","CWtevt2718MGFTwc66","172.16.1.66","56529","172.16.1.4","53","udp","dns","0.067361","29","104","SF","T","T","0","Dd","1","57","1","132","-"
"1722307457.084322","C9GYeb4t1OE9bLszFe","172.16.1.66","64049","172.16.1.4","53","udp","dns","0.045753","29","74","SF","T","T","0","Dd","1","57","1","102","-"
"1722307457.085408","CBiGUh3RGdreKsxLDh","172.16.1.66","59386","172.16.1.4","53","udp","dns","0.066356","32","250","SF","T","T","0","Dd","1","60","1","278","-"
"1722307457.085581","CbAsee3piyBVummQJ3","172.16.1.66","61940","172.16.1.4","53","udp","dns","0.129944","32","106","SF","T","T","0","Dd","1","60","1","134","-"
"1722307457.153805","CtHxTk24I76HfCziol","172.16.1.66","49813","204.79.197.203","443","tcp","ssl","2.884900","3249","9012","SF","T","F","0","ShADadFf","15","3861","21","9856","-"
"1722307457.180200","CQFfjI3B020XsspE0d","172.16.1.66","49814","23.53.11.166","443","tcp","ssl","2.858669","3648","49797","SF","T","F","0","ShADadFfR","29","4820","56","52041","-"
"1722307457.460082","CJuOFn4RbTrDodqeT7","172.16.1.66","49815","204.79.197.203","443","tcp","-","0.122261","0","0","RSTO","T","F","0","ShR","2","92","1","44","-"
"1722307457.468275","Cq4c4I39XRzYHb9s57","172.16.1.66","58319","172.16.1.4","53","udp","dns","0.000618","30","123","SF","T","T","0","Dd","1","58","1","151","-"
"1722307457.468577","CMMF771DdZsGpC8Tb3","172.16.1.66","50142","172.16.1.4","53","udp","dns","0.000373","30","164","SF","T","T","0","Dd","1","58","1","192","-"
"1722307457.469836","CMNRWs2GAPmmOIw3rh","172.16.1.66","49816","204.79.197.203","443","tcp","ssl","2.568875","2492","6602","RSTR","T","F","0","ShADadFr","9","2864","14","7166","-"
"1722307457.594570","CSNlok4PlmiL2mjhlg","172.16.1.66","50831","172.16.1.4","53","udp","dns","0.140727","29","290","SF","T","T","0","Dd","1","57","1","318","-"
"1722307457.594916","C4IqAV2BTgFcY8hkSg","172.16.1.66","58238","172.16.1.4","53","udp","dns","0.140264","29","146","SF","T","T","0","Dd","1","57","1","174","-"
"1722307457.670395","CcCSBZ1OGdWMroGzMf","172.16.1.66","54510","172.16.1.4","53","udp","dns","0.064941","45","110","SF","T","T","0","Dd","1","73","1","138","-"
"1722307457.670594","Cc2k3d1jrXUqMIJELk","172.16.1.66","63424","172.16.1.4","53","udp","dns","0.119720","45","78","SF","T","T","0","Dd","1","73","1","106","-"
"1722307457.737302","CP0rrI66rleqnSm0i","172.16.1.66","49817","23.198.7.168","443","tcp","ssl","2.301589","2743","41540","SF","T","F","0","ShADadFfR","21","3595","44","43304","-"
"1722307457.759539","CJgtj6DT2t2kI8BQd","172.16.1.66","49818","23.215.55.133","443","tcp","ssl","2.191747","2572","6034","RSTO","T","F","0","ShADadFR","12","3064","15","6638","-"
"1722307457.919944","CO1Owt3GEsIK46rMW5","172.16.1.66","60123","172.16.1.4","53","udp","dns","0.070246","42","144","SF","T","T","0","Dd","1","70","1","172","-"
"1722307457.920102","ClzFDJ3NS4uxc12Prb","172.16.1.66","63490","172.16.1.4","53","udp","dns","0.120369","42","128","SF","T","T","0","Dd","1","70","1","156","-"
"1722307458.007422","ChOqDW1elJNoMyqXLg","172.16.1.66","49819","23.46.192.165","443","tcp","ssl","2.031473","2550","25279","SF","T","F","0","ShADadFfR","15","3162","29","26443","-"
"1722307469.444200","CG5t661RHOWsBnWkJi","172.16.1.66","49820","23.194.164.136","443","tcp","ssl","109.982032","577","45298","RSTO","T","F","0","ShADadFR","15","1189","40","46902","-"
"1722307612.613280","Ca4INH2fSRTNqYTUl1","172.16.1.66","138","172.16.1.255","138","udp","-","-","-","-","S0","T","T","0","D","1","229","0","0","-"
"1722307639.841191","CkY4QX399qqi6fCvpi","172.16.1.66","49750","20.7.1.246","443","tcp","-","0.000265","0","151","OTH","T","F","0","^dR","1","40","1","191","-"
"1722307639.923844","Cx1HZJ2aY6jDW9HOAd","172.16.1.66","61316","172.16.1.4","53","udp","dns","0.097624","82","114","SF","T","T","0","Dd","2","138","1","142","-"