"ts","uid","id_orig_h","id_orig_p","id_resp_h","id_resp_p","proto","trans_id","rtt","query","qclass","qclass_name","qtype","qtype_name","rcode","rcode_name","AA","TC","RD","RA","Z","answers","TTLs","rejected"
"1722307128.981301","CoCcceJmqlTGO8Wj4","172.16.1.66","57773","172.16.1.4","53","udp","59761","0.000385","_ldap._tcp.default-first-site-name._sites.dc._msdcs.wiresharkworkshop.online","1","C_INTERNET","33","SRV","0","NOERROR","T","F","T","T","0","wireshark-ws-dc.wiresharkworkshop.online","600.000000"
"1722307128.983844","CoCcceJmqlTGO8Wj4","172.16.1.66","57773","172.16.1.4","53","udp","58516","0.000231","wireshark-ws-dc.wiresharkworkshop.online","1","C_INTERNET","1","A","0","NOERROR","T","F","T","T","0","172.16.1.4","1200.000000"
"1722307128.988144","CziM0i3ifXHXAvLy0g","172.16.1.66","5353","224.0.0.251","5353","udp","0","0.000167","desktop-skbr25f.local","1","C_INTERNET","255","*","0","NOERROR","T","F","F","F","0","172.16.1.66","60.000000"
"1722307128.988560","C5H0262Mseqn3Gdz3l","172.16.1.66","51992","224.0.0.252","5355","udp","18833","-","desktop-skbr25f","1","C_INTERNET","255","*","-","-","F","F","F","F","0","-","-"
"1722307129.099969","Co5Afq18uRnecQRUuc","172.16.1.66","54443","172.16.1.4","53","udp","36107","0.000551","_ldap._tcp.default-first-site-name._sites.dc._msdcs.wiresharkworkshop.online","1","C_INTERNET","33","SRV","0","NOERROR","T","F","T","T","0","wireshark-ws-dc.wiresharkworkshop.online","600.000000"
"1722307129.254606","CzmjZw2p9U3CTcNvp8","172.16.1.66","49844","172.16.1.4","53","udp","45828","0.000296","wireshark-ws-dc.wiresharkworkshop.online","1","C_INTERNET","1","A","0","NOERROR","T","F","T","T","0","172.16.1.4","1200.000000"
"1722307129.280180","CzmjZw2p9U3CTcNvp8","172.16.1.66","49844","172.16.1.4","53","udp","2763","0.000175","_ldap._tcp.default-first-site-name._sites.wiresharkworkshop.online","1","C_INTERNET","33","SRV","0","NOERROR","T","F","T","T","0","wireshark-ws-dc.wiresharkworkshop.online","600.000000"
"1722307129.303735","CzmjZw2p9U3CTcNvp8","172.16.1.66","49844","172.16.1.4","53","udp","35115","0.062919","mobile.events.data.microsoft.com","1","C_INTERNET","1","A","0","NOERROR","F","F","T","T","0","mobile.events.data.trafficmanager.net,onedscolprdwus17.westus.cloudapp.azure.com,20.189.173.16","76.000000,23.000000,3.000000"
"1722307129.415741","CzmjZw2p9U3CTcNvp8","172.16.1.66","49844","172.16.1.4","53","udp","9032","0.000253","wiresharkworkshop.online","1","C_INTERNET","1","A","0","NOERROR","T","F","T","T","0","172.16.1.4","600.000000"
"1722307129.438784","CzmjZw2p9U3CTcNvp8","172.16.1.66","49844","172.16.1.4","53","udp","61677","0.000186","_ldap._tcp.default-first-site-name._sites.dc._msdcs.wiresharkworkshop.online","1","C_INTERNET","33","SRV","0","NOERROR","T","F","T","T","0","wireshark-ws-dc.wiresharkworkshop.online","600.000000"
"1722307129.530082","ClSdS2zyboB1egP13","172.16.1.66","50203","172.16.1.4","53","udp","1773","0.055813","www.msftconnecttest.com","1","C_INTERNET","1","A","0","NOERROR","F","F","T","T","0","ncsi-geo.trafficmanager.net,www.msftncsi.com.edgesuite.net,a1961.g2.akamai.net,23.215.55.140,23.215.55.144","1870.000000,17808.000000,130.000000,20.000000,20.000000"
"1722307129.530130","CvS10QQMpLD5od0W6","172.16.1.66","57308","172.16.1.4","53","udp","16032","-","wpad.wiresharkworkshop.online","1","C_INTERNET","1","A","3","NXDOMAIN","F","F","T","F","0","-","-"
"1722307129.987384","CLmy8wIRPCJtIKEOh","172.16.1.66","57977","172.16.1.4","53","udp","33408","-","wpad.wiresharkworkshop.online","1","C_INTERNET","1","A","3","NXDOMAIN","F","F","T","F","0","-","-"
"1722307132.536031","CzmjZw2p9U3CTcNvp8","172.16.1.66","49844","172.16.1.4","53","udp","20960","4.270757","go.microsoft.com","1","C_INTERNET","1","A","0","NOERROR","F","F","T","T","0","go.microsoft.com.edgekey.net,e11290.dspg.akamaiedge.net,23.52.9.222","1506.000000,496.000000,16.000000"
"1722307133.082666","CXVUtw00JnBi9R2Nh","172.16.1.66","60777","172.16.1.4","53","udp","53993","0.000495","_kerberos._tcp.default-first-site-name._sites.dc._msdcs.wiresharkworkshop.online","1","C_INTERNET","33","SRV","0","NOERROR","T","F","T","T","0","wireshark-ws-dc.wiresharkworkshop.online","600.000000"
"1722307133.534420","CzmjZw2p9U3CTcNvp8","172.16.1.66","49844","172.16.1.4","53","udp","20960","-","go.microsoft.com","1","C_INTERNET","1","A","-","-","F","F","T","F","0","-","-"
"1722307133.973694","CXVUtw00JnBi9R2Nh","172.16.1.66","60777","172.16.1.4","53","udp","6912","-","desktop-skbr25f.wiresharkworkshop.online","1","C_INTERNET","6","SOA","0","NOERROR","F","F","T","F","0","-","-"
"1722307134.550047","CzmjZw2p9U3CTcNvp8","172.16.1.66","49844","172.16.1.4","53","udp","20960","-","go.microsoft.com","1","C_INTERNET","1","A","-","-","F","F","T","F","0","-","-"
"1722307136.565828","CzmjZw2p9U3CTcNvp8","172.16.1.66","49844","172.16.1.4","53","udp","20960","-","go.microsoft.com","1","C_INTERNET","1","A","-","-","F","F","T","F","0","-","-"
"1722307147.508287","CANuBQw2e715xuka8","172.16.1.66","57308","172.16.1.4","53","udp","23485","-","wpad.wiresharkworkshop.online","1","C_INTERNET","1","A","3","NXDOMAIN","F","F","T","F","0","-","-"
"1722307147.508334","C5xTSHLfIhV7gbRNb","172.16.1.66","60777","172.16.1.4","53","udp","61102","-","wpad.wiresharkworkshop.online","1","C_INTERNET","1","A","3","NXDOMAIN","F","F","T","F","0","-","-"
"1722307153.826352","C5xTSHLfIhV7gbRNb","172.16.1.66","60777","172.16.1.4","53","udp","42117","0.074432","www.bing.com","1","C_INTERNET","1","A","0","NOERROR","F","F","T","T","0","www-www.bing.com.trafficmanager.net,www.bing.com.edgekey.net,e86303.dscx.akamaiedge.net,23.198.7.175,23.198.7.176,23.198.7.177,23.198.7.167,23.198.7.173,23.198.7.172,23.198.7.169,23.198.7.168,23.198.7.174","21078.000000,60.000000,20822.000000,20.000000,20.000000,20.000000,20.000000,20.000000,20.000000,20.000000,20.000000,20.000000"
"1722307154.533981","C5xTSHLfIhV7gbRNb","172.16.1.66","60777","172.16.1.4","53","udp","19789","0.051821","v20.events.data.microsoft.com","1","C_INTERNET","1","A","0","NOERROR","F","F","T","T","0","win-global-asimov-leafs-events-data.trafficmanager.net,onedscolprdneu12.northeurope.cloudapp.azure.com,13.69.239.79","37.000000,47.000000,7.000000"
"1722307154.986927","C5xTSHLfIhV7gbRNb","172.16.1.66","60777","172.16.1.4","53","udp","52609","0.065111","arc.msn.com","1","C_INTERNET","1","A","0","NOERROR","F","F","T","T","0","arc.trafficmanager.net,iris-de-prod-azsc-v2-eus2.eastus2.cloudapp.azure.com,20.96.153.111","20579.000000,60.000000,10.000000"
"1722307156.006600","C5xTSHLfIhV7gbRNb","172.16.1.66","60777","172.16.1.4","53","udp","15651","8.006319","client.wns.windows.com","1","C_INTERNET","1","A","0","NOERROR","F","F","T","T","0","wns.notify.trafficmanager.net","3077.000000"
"1722307156.640743","Cypo8V17drwgiBYBxg","172.16.1.66","64662","172.16.1.4","53","udp","11688","7.480533","assets.msn.com","1","C_INTERNET","1","A","0","NOERROR","F","F","T","T","0","assets.msn.com.edgekey.net,e28578.d.akamaiedge.net,23.48.203.208,23.48.203.204,23.48.203.203,23.48.203.207,23.48.203.201,23.48.203.205,23.48.203.200,23.48.203.206,23.48.203.199","9263.000000,284.000000,12.000000,12.000000,12.000000,12.000000,12.000000,12.000000,12.000000,12.000000,12.000000"
"1722307157.021273","C5xTSHLfIhV7gbRNb","172.16.1.66","60777","172.16.1.4","53","udp","15651","-","client.wns.windows.com","1","C_INTERNET","1","A","-","-","F","F","T","F","0","-","-"
"1722307157.557179","CtK9sZnrjVGOrHlj1","172.16.1.66","51396","172.16.1.4","53","udp","6943","0.108732","officeclient.microsoft.com","1","C_INTERNET","1","A","0","NOERROR","F","F","T","T","0","config.officeapps.live.com,prod.configsvc1.live.com.akadns.net,us.configsvc1.live.com.akadns.net,eus2-azsc-config.officeapps.live.com,52.109.6.53","192.000000,422.000000,120.000000,120.000000,247.000000"
"1722307157.666117","CqZwYc24HLfiYZvNl3","172.16.1.66","62463","172.16.1.4","53","udp","59601","0.000212","www.msn.com","1","C_INTERNET","1","A","0","NOERROR","F","F","T","T","0","www-msn-com.a-0003.a-msedge.net,a-0003.a-msedge.net,204.79.197.203","8482.000000,16.000000,16.000000"
"1722307157.667160","Cypo8V17drwgiBYBxg","172.16.1.66","64662","172.16.1.4","53","udp","11688","-","assets.msn.com","1","C_INTERNET","1","A","-","-","F","F","T","F","0","-","-"
"1722307158.105546","C5xTSHLfIhV7gbRNb","172.16.1.66","60777","172.16.1.4","53","udp","15651","-","client.wns.windows.com","1","C_INTERNET","1","A","-","-","F","F","T","F","0","-","-"
"1722307158.359295","CqZwYc24HLfiYZvNl3","172.16.1.66","62463","172.16.1.4","53","udp","1372","0.225689","odc.officeapps.live.com","1","C_INTERNET","1","A","0","NOERROR","F","F","T","T","0","prod.odcsm1.live.com.akadns.net,us2.odcsm1.live.com.akadns.net,wus-azsc-000.odc.officeapps.live.com,osiprod-wus-bronze-azsc-000.westus.cloudapp.azure.com,52.109.0.142","3078.000000,120.000000,120.000000,3049.000000,7.000000"
"1722307158.672779","Cypo8V17drwgiBYBxg","172.16.1.66","64662","172.16.1.4","53","udp","11688","-","assets.msn.com","1","C_INTERNET","1","A","-","-","F","F","T","F","0","-","-"
"1722307160.110624","C5xTSHLfIhV7gbRNb","172.16.1.66","60777","172.16.1.4","53","udp","15651","-","client.wns.windows.com","1","C_INTERNET","1","A","-","-","F","F","T","F","0","-","-"
"1722307160.673169","Cypo8V17drwgiBYBxg","172.16.1.66","64662","172.16.1.4","53","udp","11688","-","assets.msn.com","1","C_INTERNET","1","A","-","-","F","F","T","F","0","-","-"
"1722307163.203736","CtK9sZnrjVGOrHlj1","172.16.1.66","51396","172.16.1.4","53","udp","45051","0.170576","g.live.com","1","C_INTERNET","1","A","0","NOERROR","F","F","T","T","0","g.msn.com,g-msn-com-nsatc.trafficmanager.net,20.241.44.114","115.000000,13865.000000,22.000000"
"1722307163.708422","CqZwYc24HLfiYZvNl3","172.16.1.66","62463","172.16.1.4","53","udp","6682","0.044216","oneclient.sfx.ms","1","C_INTERNET","1","A","0","NOERROR","F","F","T","T","0","oneclient.sfx.ms.edgekey.net,e9659.dspg.akamaiedge.net,23.52.9.140","5.000000,13328.000000,20.000000"
"1722307164.014160","C8leHx4PsVNB7zwhFj","172.16.1.66","50203","172.16.1.4","53","udp","35516","0.075968","client.wns.windows.com","1","C_INTERNET","1","A","0","NOERROR","F","F","T","T","0","wns.notify.trafficmanager.net,20.7.2.167","3069.000000,300.000000"
"1722307167.566283","CtK9sZnrjVGOrHlj1","172.16.1.66","51396","172.16.1.4","53","udp","41416","0.060260","default.exp-tas.com","1","C_INTERNET","1","A","0","NOERROR","F","F","T","T","0","deault-exp-tas-com.e-0014.e-msedge.net,e-0014.e-msedge.net,13.107.5.93","1891.000000,217.000000,217.000000"
"1722307192.925833","CTSPK03o9jsh049X66","172.16.1.66","51396","172.16.1.4","53","udp","53168","0.080608","github.com","1","C_INTERNET","1","A","0","NOERROR","F","F","T","T","0","140.82.113.3","59.000000"
"1722307192.925870","C7KfQ53xnCr8x9kdMe","172.16.1.66","62463","172.16.1.4","53","udp","16389","4.041031","repo1.maven.org","1","C_INTERNET","1","A","0","NOERROR","F","F","T","T","0","dualstack.sonatype.map.fastly.net,199.232.196.209,199.232.192.209","43196.000000,55.000000,55.000000"
"1722307193.733807","CTSPK03o9jsh049X66","172.16.1.66","51396","172.16.1.4","53","udp","32433","0.052845","objects.githubusercontent.com","1","C_INTERNET","1","A","0","NOERROR","F","F","T","T","0","185.199.110.133,185.199.109.133,185.199.111.133,185.199.108.133","143.000000,143.000000,143.000000,143.000000"
"1722307193.919107","C7KfQ53xnCr8x9kdMe","172.16.1.66","62463","172.16.1.4","53","udp","16389","-","repo1.maven.org","1","C_INTERNET","1","A","-","-","F","F","T","F","0","-","-"
"1722307194.919271","C7KfQ53xnCr8x9kdMe","172.16.1.66","62463","172.16.1.4","53","udp","16389","-","repo1.maven.org","1","C_INTERNET","1","A","-","-","F","F","T","F","0","-","-"
"1722307196.934703","C7KfQ53xnCr8x9kdMe","172.16.1.66","62463","172.16.1.4","53","udp","16389","-","repo1.maven.org","1","C_INTERNET","1","A","-","-","F","F","T","F","0","-","-"
"1722307206.835504","CnsiVX3PRoDCTYxHN1","172.16.1.66","51396","172.16.1.4","53","udp","31100","0.082703","ip-api.com","1","C_INTERNET","1","A","0","NOERROR","F","F","T","T","0","208.95.112.1","60.000000"
"1722307207.516329","CnsiVX3PRoDCTYxHN1","172.16.1.66","51396","172.16.1.4","53","udp","57045","-","wpad.wiresharkworkshop.online","1","C_INTERNET","1","A","3","NXDOMAIN","F","F","T","F","0","-","-"
"1722307207.516607","CgT6zH2CV6Uk2e2NC1","172.16.1.66","57308","172.16.1.4","53","udp","46098","-","wpad.wiresharkworkshop.online","1","C_INTERNET","1","A","3","NXDOMAIN","F","F","T","F","0","-","-"
"1722307211.777007","CnsiVX3PRoDCTYxHN1","172.16.1.66","51396","172.16.1.4","53","udp","7850","0.069396","settings-win.data.microsoft.com","1","C_INTERNET","1","A","0","NOERROR","F","F","T","T","0","atm-settingsfe-prod-geo2.trafficmanager.net,settings-prod-eus-1.eastus.cloudapp.azure.com,52.191.219.104","2768.000000,60.000000,4.000000"
"1722307212.083935","CnsiVX3PRoDCTYxHN1","172.16.1.66","51396","172.16.1.4","53","udp","61044","0.057158","th.bing.com","1","C_INTERNET","1","A","0","NOERROR","F","F","T","T","0","p-th.bing.com.trafficmanager.net,th.bing.com.edgekey.net,e86303.dscx.akamaiedge.net,23.198.7.177,23.198.7.169,23.198.7.168,23.198.7.176,23.198.7.174,23.198.7.170,23.198.7.172,23.198.7.175,23.198.7.186","4701.000000,59.000000,222.000000,19.000000,19.000000,19.000000,19.000000,19.000000,19.000000,19.000000,19.000000,19.000000"
"1722307213.794020","CnsiVX3PRoDCTYxHN1","172.16.1.66","51396","172.16.1.4","53","udp","39436","0.000254","_ldap._tcp.default-first-site-name._sites.dc._msdcs.wiresharkworkshop.online","1","C_INTERNET","33","SRV","0","NOERROR","T","F","T","T","0","wireshark-ws-dc.wiresharkworkshop.online","600.000000"
"1722307214.175250","CnsiVX3PRoDCTYxHN1","172.16.1.66","51396","172.16.1.4","53","udp","49753","0.090965","login.microsoftonline.com","1","C_INTERNET","1","A","0","NOERROR","F","F","T","T","0","login.mso.msidentity.com,ak.privatelink.msidentity.com,www.tm.ak.prd.aadg.trafficmanager.net,40.126.29.14,40.126.29.8,20.190.157.9,40.126.29.7,40.126.29.11,40.126.29.5,40.126.29.13,20.190.157.11","5684.000000,117.000000,80.000000,142.000000,142.000000,142.000000,142.000000,142.000000,142.000000,142.000000,142.000000"
"1722307225.636806","CnsiVX3PRoDCTYxHN1","172.16.1.66","51396","172.16.1.4","53","udp","63337","0.050397","assets.msn.com","1","C_INTERNET","1","A","0","NOERROR","F","F","T","T","0","assets.msn.com.edgekey.net,e28578.d.akamaiedge.net,23.48.203.203,23.48.203.210,23.48.203.205","9194.000000,215.000000,19.000000,19.000000,19.000000"
"1722307241.089624","CXQBLQ1LNzViKVBWxf","172.16.1.66","51396","172.16.1.4","53","udp","43837","-","_ldap._tcp.default-first-site-name._sites.wireshark-ws-dc.wiresharkworkshop.online","1","C_INTERNET","33","SRV","3","NXDOMAIN","F","F","T","F","0","-","-"
"1722307241.090533","CXQBLQ1LNzViKVBWxf","172.16.1.66","51396","172.16.1.4","53","udp","48735","-","_ldap._tcp.wireshark-ws-dc.wiresharkworkshop.online","1","C_INTERNET","33","SRV","3","NXDOMAIN","F","F","T","F","0","-","-"
"1722307241.668370","CXQBLQ1LNzViKVBWxf","172.16.1.66","51396","172.16.1.4","53","udp","25071","4.273806","fd.api.iris.microsoft.com","1","C_INTERNET","1","A","0","NOERROR","F","F","T","T","0","fd-api-iris.trafficmanager.net,iris-de-prod-azsc-v2-ncus.northcentralus.cloudapp.azure.com,23.96.180.189","1338.000000,56.000000,2.000000"
"1722307241.806813","Cl3nvP8JW3oYBpqD8","172.16.1.66","59975","172.16.1.4","53","udp","36719","0.095279","msedge.api.cdp.microsoft.com","1","C_INTERNET","1","A","0","NOERROR","F","F","T","T","0","api.cdp.microsoft.com,glb.api.prod.dcat.dsp.trafficmanager.net,20.166.2.191","2849.000000,2849.000000,198.000000"
"1722307242.654698","CXQBLQ1LNzViKVBWxf","172.16.1.66","51396","172.16.1.4","53","udp","25071","-","fd.api.iris.microsoft.com","1","C_INTERNET","1","A","-","-","F","F","T","F","0","-","-"
"1722307242.891752","Cl3nvP8JW3oYBpqD8","172.16.1.66","59975","172.16.1.4","53","udp","47780","0.060602","config.edge.skype.com","1","C_INTERNET","1","A","0","NOERROR","F","F","T","T","0","config.edge.skype.com.trafficmanager.net,l-0007.config.skype.com,config-edge-skype.l-0007.l-msedge.net,l-0007.l-msedge.net,13.107.42.16","13651.000000,17.000000,10208.000000,197.000000,197.000000"
"1722307243.670450","CXQBLQ1LNzViKVBWxf","172.16.1.66","51396","172.16.1.4","53","udp","25071","-","fd.api.iris.microsoft.com","1","C_INTERNET","1","A","-","-","F","F","T","F","0","-","-"
"1722307245.670516","CXQBLQ1LNzViKVBWxf","172.16.1.66","51396","172.16.1.4","53","udp","25071","-","fd.api.iris.microsoft.com","1","C_INTERNET","1","A","-","-","F","F","T","F","0","-","-"
"1722307270.493889","CFXT8y1rbZe58Xm28c","172.16.1.66","137","172.16.1.255","137","udp","59973","-","WIRESHARK-WS-DC","1","C_INTERNET","32","NIMLOC","-","-","F","F","T","F","1","-","-"
"1722307270.494127","Cz98FOtdmEbuP0gSa","172.16.1.66","137","172.16.1.4","137","udp","59973","-","-","-","-","-","-","0","NOERROR","F","F","F","F","0","-","-"
"1722307331.945351","CCchvXyczSSMos1ke","172.16.1.66","59975","172.16.1.4","53","udp","12289","0.189664","officeclient.microsoft.com","1","C_INTERNET","1","A","0","NOERROR","F","F","T","T","0","config.officeapps.live.com,prod.configsvc1.live.com.akadns.net,us.configsvc1.live.com.akadns.net,wus-azsc-config.officeapps.live.com,52.109.0.91","17.000000,247.000000,119.000000,119.000000,176.000000"
"1722307332.608165","CCchvXyczSSMos1ke","172.16.1.66","59975","172.16.1.4","53","udp","46488","0.093857","odc.officeapps.live.com","1","C_INTERNET","1","A","0","NOERROR","F","F","T","T","0","prod.odcsm1.live.com.akadns.net,us2.odcsm1.live.com.akadns.net,scus-azsc-000.odc.officeapps.live.com,osiprod-scus-bronze-azsc-000.southcentralus.cloudapp.azure.com,52.109.20.47","2904.000000,120.000000,120.000000,885.000000,4.000000"
"1722307332.626466","CbHmty2RtNyldX45Ul","172.16.1.66","59905","172.16.1.4","53","udp","43467","0.039589","ecs.office.com","1","C_INTERNET","1","A","0","NOERROR","F","F","T","T","0","ecs.office.trafficmanager.net,s-0005-office.config.skype.com,ecs-office.s-0005.s-msedge.net,s-0005.s-msedge.net,52.113.194.132","213.000000,11.000000,9800.000000,71.000000,71.000000"
"1722307333.225395","CbHmty2RtNyldX45Ul","172.16.1.66","59905","172.16.1.4","53","udp","48763","0.061594","autodiscover-s.outlook.com","1","C_INTERNET","1","A","0","NOERROR","F","F","T","T","0","outlook.office365.com,ooc-g2.tm-4.office.com,outlook.ms-acdc.office.com,sat-efz.ms-acdc.office.com,40.97.199.114,40.99.169.130,52.96.57.2,52.96.121.130","7.000000,8.000000,60.000000,60.000000,10.000000,10.000000,10.000000,10.000000"
"1722307333.584678","CCchvXyczSSMos1ke","172.16.1.66","59975","172.16.1.4","53","udp","22750","0.000296","_gc._tcp.default-first-site-name._sites.wiresharkworkshop.online","1","C_INTERNET","33","SRV","0","NOERROR","T","F","T","T","0","wireshark-ws-dc.wiresharkworkshop.online","600.000000"
"1722307335.712534","CbHmty2RtNyldX45Ul","172.16.1.66","59905","172.16.1.4","53","udp","55882","-","autodiscover.wiresharkworkshop.online","1","C_INTERNET","1","A","3","NXDOMAIN","F","F","T","F","0","-","-"
"1722307336.345956","CCchvXyczSSMos1ke","172.16.1.66","59975","172.16.1.4","53","udp","20326","3.140915","mobile.events.data.microsoft.com","1","C_INTERNET","1","A","0","NOERROR","F","F","T","T","0","mobile.events.data.trafficmanager.net,onedscolprdwus09.westus.cloudapp.azure.com,20.189.173.10","116.000000,4.000000,0.000000"
"1722307337.344826","CCchvXyczSSMos1ke","172.16.1.66","59975","172.16.1.4","53","udp","20326","-","mobile.events.data.microsoft.com","1","C_INTERNET","1","A","-","-","F","F","T","F","0","-","-"
"1722307338.345061","CCchvXyczSSMos1ke","172.16.1.66","59975","172.16.1.4","53","udp","20326","-","mobile.events.data.microsoft.com","1","C_INTERNET","1","A","-","-","F","F","T","F","0","-","-"
"1722307345.533857","CbHmty2RtNyldX45Ul","172.16.1.66","59905","172.16.1.4","53","udp","29616","0.042820","metadata.templates.cdn.office.net","1","C_INTERNET","1","A","0","NOERROR","F","F","T","T","0","templatesmetadata.office.net,templatesmetadata.office.net.edgekey.net,e26769.dscb.akamaiedge.net,23.221.22.68,23.221.22.87","238.000000,955.000000,21350.000000,19.000000,19.000000"
"1722307355.953859","CbHmty2RtNyldX45Ul","172.16.1.66","59905","172.16.1.4","53","udp","35571","0.058857","v10.events.data.microsoft.com","1","C_INTERNET","1","A","0","NOERROR","F","F","T","T","0","win-global-asimov-leafs-events-data.trafficmanager.net,onedscolprdwus19.westus.cloudapp.azure.com,20.189.173.26","73.000000,13.000000,3.000000"
"1722307455.627407","CaCzQY3BByO5qIEKSh","172.16.1.66","59905","172.16.1.4","53","udp","13611","-","wpad.wiresharkworkshop.online","1","C_INTERNET","1","A","3","NXDOMAIN","F","F","T","F","0","-","-"
"1722307455.631145","CAUUhy2gk5Z7DnPli2","172.16.1.66","55637","172.16.1.4","53","udp","63560","0.065718","windows.msn.com","1","C_INTERNET","1","A","0","NOERROR","F","F","T","T","0","www-msn-com.a-0003.a-msedge.net,a-0003.a-msedge.net,204.79.197.203","991.000000,74.000000,63.000000"
"1722307455.631368","C8Y9mR3KI1YL5eeBUe","172.16.1.66","50658","172.16.1.4","53","udp","60590","0.089392","windows.msn.com","1","C_INTERNET","65","HTTPS","0","NOERROR","F","F","T","T","0","www-msn-com.a-0003.a-msedge.net,a-0003.a-msedge.net","991.000000,74.000000"
"1722307456.394861","C3m0691GMqkZQQxNA2","172.16.1.66","55856","172.16.1.4","53","udp","49157","0.000592","www.msn.com","1","C_INTERNET","1","A","0","NOERROR","F","F","T","T","0","www-msn-com.a-0003.a-msedge.net,a-0003.a-msedge.net,204.79.197.203","8183.000000,73.000000,62.000000"
"1722307456.394983","CmBSvx3rOYCG5d7Inh","172.16.1.66","52530","172.16.1.4","53","udp","115","0.000396","www.msn.com","1","C_INTERNET","65","HTTPS","0","NOERROR","F","F","T","T","0","www-msn-com.a-0003.a-msedge.net,a-0003.a-msedge.net","8183.000000,73.000000"
"1722307456.669745","CaCzQY3BByO5qIEKSh","172.16.1.66","59905","172.16.1.4","53","udp","15676","-","_ldap._tcp.default-first-site-name._sites.wireshark-ws-dc.wiresharkworkshop.online","1","C_INTERNET","33","SRV","3","NXDOMAIN","F","F","T","F","0","-","-"
"1722307456.670410","CaCzQY3BByO5qIEKSh","172.16.1.66","59905","172.16.1.4","53","udp","11147","-","_ldap._tcp.wireshark-ws-dc.wiresharkworkshop.online","1","C_INTERNET","33","SRV","3","NXDOMAIN","F","F","T","F","0","-","-"
"1722307457.084249","CWtevt2718MGFTwc66","172.16.1.66","56529","172.16.1.4","53","udp","17903","0.067361","api.msn.com","1","C_INTERNET","1","A","0","NOERROR","F","F","T","T","0","api-msn-com.a-0003.a-msedge.net,a-0003.a-msedge.net,204.79.197.203","20625.000000,116.000000,61.000000"
"1722307457.084322","C9GYeb4t1OE9bLszFe","172.16.1.66","64049","172.16.1.4","53","udp","2742","0.045753","api.msn.com","1","C_INTERNET","65","HTTPS","0","NOERROR","F","F","T","T","0","api-msn-com.a-0003.a-msedge.net","20625.000000"
"1722307457.085408","CBiGUh3RGdreKsxLDh","172.16.1.66","59386","172.16.1.4","53","udp","18239","0.066356","assets.msn.com","1","C_INTERNET","1","A","0","NOERROR","F","F","T","T","0","assets.msn.com.edgekey.net,e28578.d.akamaiedge.net,23.53.11.166,23.53.11.164,23.53.11.165,23.53.11.179,23.53.11.176,23.53.11.178,23.53.11.177,23.53.11.175,23.53.11.174","8962.000000,123.000000,20.000000,20.000000,20.000000,20.000000,20.000000,20.000000,20.000000,20.000000,20.000000"
"1722307457.085581","CbAsee3piyBVummQJ3","172.16.1.66","61940","172.16.1.4","53","udp","41098","0.129944","assets.msn.com","1","C_INTERNET","65","HTTPS","0","NOERROR","F","F","T","T","0","assets.msn.com.edgekey.net,e28578.d.akamaiedge.net","8962.000000,123.000000"
"1722307457.468275","Cq4c4I39XRzYHb9s57","172.16.1.66","58319","172.16.1.4","53","udp","7694","0.000618","srtb.msn.com","1","C_INTERNET","1","A","0","NOERROR","F","F","T","T","0","www.msn.com,www-msn-com.a-0003.a-msedge.net,a-0003.a-msedge.net,204.79.197.203","20136.000000,8182.000000,72.000000,61.000000"
"1722307457.468577","CMMF771DdZsGpC8Tb3","172.16.1.66","50142","172.16.1.4","53","udp","14928","0.000373","srtb.msn.com","1","C_INTERNET","65","HTTPS","0","NOERROR","F","F","T","T","0","www.msn.com,www-msn-com.a-0003.a-msedge.net,a-0003.a-msedge.net","20136.000000,8182.000000,72.000000"
"1722307457.594570","CSNlok4PlmiL2mjhlg","172.16.1.66","50831","172.16.1.4","53","udp","19680","0.140727","th.bing.com","1","C_INTERNET","1","A","0","NOERROR","F","F","T","T","0","p-th.bing.com.trafficmanager.net,th.bing.com.edgekey.net,e86303.dscx.akamaiedge.net,23.198.7.168,23.198.7.183,23.198.7.167,23.198.7.172,23.198.7.169,23.198.7.182,23.198.7.170,23.198.7.175,23.198.7.174","4456.000000,60.000000,105.000000,20.000000,20.000000,20.000000,20.000000,20.000000,20.000000,20.000000,20.000000,20.000000"
"1722307457.594916","C4IqAV2BTgFcY8hkSg","172.16.1.66","58238","172.16.1.4","53","udp","61408","0.140264","th.bing.com","1","C_INTERNET","65","HTTPS","0","NOERROR","F","F","T","T","0","p-th.bing.com.trafficmanager.net,th.bing.com.edgekey.net,e86303.dscx.akamaiedge.net","4456.000000,60.000000,105.000000"
"1722307457.670395","CcCSBZ1OGdWMroGzMf","172.16.1.66","54510","172.16.1.4","53","udp","42237","0.064941","img-s-msn-com.akamaized.net","1","C_INTERNET","1","A","0","NOERROR","F","F","T","T","0","a1834.dscg2.akamai.net,23.215.55.133,23.215.55.137","340.000000,20.000000,20.000000"
"1722307457.670594","Cc2k3d1jrXUqMIJELk","172.16.1.66","63424","172.16.1.4","53","udp","54465","0.119720","img-s-msn-com.akamaized.net","1","C_INTERNET","65","HTTPS","0","NOERROR","F","F","T","T","0","a1834.dscg2.akamai.net","340.000000"
"1722307457.919944","CO1Owt3GEsIK46rMW5","172.16.1.66","60123","172.16.1.4","53","udp","5905","0.070246","ecn.dev.virtualearth.net","1","C_INTERNET","1","A","0","NOERROR","F","F","T","T","0","ssl2.tiles.virtualearth.net.edgekey.net,e4113.dscd.akamaiedge.net,23.46.192.165","760.000000,705.000000,19.000000"
"1722307457.920102","ClzFDJ3NS4uxc12Prb","172.16.1.66","63490","172.16.1.4","53","udp","62049","0.120369","ecn.dev.virtualearth.net","1","C_INTERNET","65","HTTPS","0","NOERROR","F","F","T","T","0","ssl2.tiles.virtualearth.net.edgekey.net,e4113.dscd.akamaiedge.net","760.000000,705.000000"
"1722307463.636199","CaCzQY3BByO5qIEKSh","172.16.1.66","59905","172.16.1.4","53","udp","23255","-","wpad.wiresharkworkshop.online","1","C_INTERNET","1","A","3","NXDOMAIN","F","F","T","F","0","-","-"
"1722307469.339949","CaCzQY3BByO5qIEKSh","172.16.1.66","59905","172.16.1.4","53","udp","61959","0.100590","javadl-esd-secure.oracle.com","1","C_INTERNET","1","A","0","NOERROR","F","F","T","T","0","javadl-esd-secure.oracle.com.edgekey.net,e13073.g.akamaiedge.net,23.194.164.136","9841.000000,79.000000,20.000000"
"1722307469.430095","CaCzQY3BByO5qIEKSh","172.16.1.66","59905","172.16.1.4","53","udp","61959","-","javadl-esd-secure.oracle.com","1","C_INTERNET","1","A","-","-","F","F","T","F","0","-","-"
"1722307639.923844","Cx1HZJ2aY6jDW9HOAd","172.16.1.66","61316","172.16.1.4","53","udp","65437","-","pti.store.microsoft.com","1","C_INTERNET","1","A","3","NXDOMAIN","F","F","T","F","0","-","-"
"1722307640.011440","Cx1HZJ2aY6jDW9HOAd","172.16.1.66","61316","172.16.1.4","53","udp","65437","-","pti.store.microsoft.com","1","C_INTERNET","1","A","-","-","F","F","T","F","0","-","-"